<?xml version="1.0" encoding="utf-8"?>
<openerp>
    <data>
        <record id="send_saas_expiration_info_action" model="ir.actions.server">
            <field name="name">Send SaaS expiration info</field>
            <field name="condition">True</field>
            <field name="type">ir.actions.server</field>
            <field name="model_id" ref="saas_portal.model_saas_portal_client"/>
            <field name="state">code</field>
            <field name="code">
                obj.send_expiration_info()
            </field>
        </record>

        <record id="saas_send_expiration_action_rule" model="base.action.rule">
            <field name="name">Send SaaS  expiration info</field>
            <field eval="True" name="active" />
            <field name="model_id" ref="saas_portal.model_saas_portal_client"/>
            <field name="kind">on_write</field>
            <field name="server_action_ids"
                   eval="[(4, ref('send_saas_expiration_info_action'))]"/>
        </record>
    </data>
</openerp>
