<?xml version="1.0" encoding="utf-8"?>
<openerp>
    <data noupdate="1">
        <record id="_configuration" model="ir.config_parameter">
            <field name="key">saas_portal.expiration_notify_in_advance</field>
            <field name="value">2</field>
        </record>
        <record id="saas_page_for_maximumdb" model="ir.config_parameter">
            <field name="key">saas_portal.page_for_maximumdb</field>
            <field name="value">/</field>
        </record>
        <record id="saas_page_for_maximumtrialdb" model="ir.config_parameter">
            <field name="key">saas_portal.page_for_maximumtrialdb</field>
            <field name="value">/</field>
        </record>
    </data>
</openerp>
