<?xml version="1.0" encoding="utf-8"?>
<openerp>
    <data noupdate="1">
        <record id="saas_pay_subscription_url" model="ir.config_parameter">
            <field name="key">saas_client.pay_subscription_url</field>
            <field name="value"> </field>
        </record>
        <record id="saas_page_for_suspended" model="ir.config_parameter">
            <field name="key">saas_client.page_for_suspended</field>
            <field name="value">/</field>
        </record>
    </data>
</openerp>
